[
    {
        "id": "65082e203c652652c3b41311",
        "nodeId": "ari:cloud:trello::board/workspace/6180fcd21c678820fd7d78d2/65082e203c652652c3b41311",
        "name": "Area",
        "desc": "",
        "descData": null,
        "closed": false,
        "dateClosed": null,
        "idOrganization": "6180fcd21c678820fd7d78d2",
        "idEnterprise": null,
        "limits": {
            "attachments": {
                "perBoard": {
                    "status": "ok",
                    "disableAt": 36000,
                    "warnAt": 28800
                },
                "perCard": {
                    "status": "ok",
                    "disableAt": 1000,
                    "warnAt": 800
                }
            },
            "boards": {
                "totalMembersPerBoard": {
                    "status": "ok",
                    "disableAt": 1600,
                    "warnAt": 1280
                },
                "totalAccessRequestsPerBoard": {
                    "status": "ok",
                    "disableAt": 4000,
                    "warnAt": 3200
                }
            },
            "cards": {
                "openPerBoard": {
                    "status": "ok",
                    "disableAt": 5000,
                    "warnAt": 4000
                },
                "openPerList": {
                    "status": "ok",
                    "disableAt": 5000,
                    "warnAt": 4000
                },
                "totalPerBoard": {
                    "status": "ok",
                    "disableAt": 2000000,
                    "warnAt": 1600000
                },
                "totalPerList": {
                    "status": "ok",
                    "disableAt": 1000000,
                    "warnAt": 800000
                }
            },
            "checklists": {
                "perBoard": {
                    "status": "ok",
                    "disableAt": 1800000,
                    "warnAt": 1440000
                },
                "perCard": {
                    "status": "ok",
                    "disableAt": 500,
                    "warnAt": 400
                }
            },
            "checkItems": {
                "perChecklist": {
                    "status": "ok",
                    "disableAt": 200,
                    "warnAt": 160
                }
            },
            "customFields": {
                "perBoard": {
                    "status": "ok",
                    "disableAt": 50,
                    "warnAt": 40
                }
            },
            "customFieldOptions": {
                "perField": {
                    "status": "ok",
                    "disableAt": 50,
                    "warnAt": 40
                }
            },
            "labels": {
                "perBoard": {
                    "status": "ok",
                    "disableAt": 1000,
                    "warnAt": 800
                }
            },
            "lists": {
                "openPerBoard": {
                    "status": "ok",
                    "disableAt": 500,
                    "warnAt": 400
                },
                "totalPerBoard": {
                    "status": "ok",
                    "disableAt": 3000,
                    "warnAt": 2400
                }
            },
            "stickers": {
                "perCard": {
                    "status": "ok",
                    "disableAt": 70,
                    "warnAt": 56
                }
            },
            "reactions": {
                "perAction": {
                    "status": "ok",
                    "disableAt": 900,
                    "warnAt": 720
                },
                "uniquePerAction": {
                    "status": "ok",
                    "disableAt": 17,
                    "warnAt": 14
                }
            }
        },
        "pinned": false,
        "starred": false,
        "url": "https://trello.com/b/axowP3Ig/area",
        "prefs": {
            "permissionLevel": "org",
            "hideVotes": false,
            "voting": "disabled",
            "comments": "members",
            "invitations": "members",
            "selfJoin": true,
            "cardCovers": true,
            "isTemplate": false,
            "cardAging": "regular",
            "calendarFeedEnabled": false,
            "hiddenPluginBoardButtons": [],
            "switcherViews": [
                {
                    "viewType": "Board",
                    "enabled": true
                },
                {
                    "viewType": "Table",
                    "enabled": true
                },
                {
                    "viewType": "Calendar",
                    "enabled": false
                },
                {
                    "viewType": "Dashboard",
                    "enabled": false
                },
                {
                    "viewType": "Timeline",
                    "enabled": false
                },
                {
                    "viewType": "Map",
                    "enabled": false
                }
            ],
            "background": "gradient-crystal",
            "backgroundColor": "#674284",
            "backgroundImage": "https://d2k1ftgv7pobq7.cloudfront.net/images/backgrounds/gradients/crystal.svg",
            "backgroundImageScaled": null,
            "backgroundTile": false,
            "backgroundBrightness": "dark",
            "backgroundBottomColor": "#CD519D",
            "backgroundTopColor": "#09326C",
            "canBePublic": true,
            "canBeEnterprise": true,
            "canBeOrg": true,
            "canBePrivate": true,
            "canInvite": true
        },
        "shortLink": "axowP3Ig",
        "subscribed": false,
        "labelNames": {
            "green": "Server",
            "yellow": "reaction",
            "orange": "Mobile",
            "red": "urgent",
            "purple": "",
            "blue": "action",
            "sky": "",
            "lime": "",
            "pink": "",
            "black": "",
            "green_dark": "",
            "yellow_dark": "",
            "orange_dark": "",
            "red_dark": "",
            "purple_dark": "",
            "blue_dark": "",
            "sky_dark": "",
            "lime_dark": "",
            "pink_dark": "",
            "black_dark": "",
            "green_light": "",
            "yellow_light": "",
            "orange_light": "",
            "red_light": "",
            "purple_light": "",
            "blue_light": "",
            "sky_light": "",
            "lime_light": "",
            "pink_light": "",
            "black_light": ""
        },
        "powerUps": [],
        "dateLastActivity": "2023-10-27T13:43:20.409Z",
        "dateLastView": "2023-10-22T12:58:18.320Z",
        "shortUrl": "https://trello.com/b/axowP3Ig",
        "idTags": [],
        "datePluginDisable": null,
        "creationMethod": null,
        "ixUpdate": "552",
        "templateGallery": null,
        "enterpriseOwned": false,
        "idBoardSource": null,
        "premiumFeatures": [
            "additionalBoardBackgrounds",
            "additionalStickers",
            "customBoardBackgrounds",
            "customEmoji",
            "customStickers",
            "plugins"
        ],
        "idMemberCreator": "618100aa213648120985ae15",
        "memberships": [
            {
                "idMember": "618100aa213648120985ae15",
                "memberType": "admin",
                "unconfirmed": false,
                "deactivated": false,
                "id": "65082e203c652652c3b41319"
            },
            {
                "idMember": "61af7d7edf48c03f16c88bb5",
                "memberType": "normal",
                "unconfirmed": false,
                "deactivated": false,
                "id": "65082eae70dc5b4faf47ade8"
            },
            {
                "idMember": "618100d343296974896163e2",
                "memberType": "normal",
                "unconfirmed": false,
                "deactivated": false,
                "id": "650a285f7f8d32ee283a0bed"
            },
            {
                "idMember": "6447e4e97cfff73d3fb2e59b",
                "memberType": "normal",
                "unconfirmed": false,
                "deactivated": false,
                "id": "6511b9683168eb85f3e66ad8"
            },
            {
                "idMember": "6319c83f70592103a1e01b02",
                "memberType": "normal",
                "unconfirmed": false,
                "deactivated": false,
                "id": "6512a4803365fc9b5f079ef5"
            }
        ]
    },
    {
        "id": "6180fcd21c678820fd7d78e2",
        "nodeId": "ari:cloud:trello::board/workspace/6180fcd21c678820fd7d78d2/6180fcd21c678820fd7d78e2",
        "name": "Bistromatic",
        "desc": "",
        "descData": null,
        "closed": false,
        "dateClosed": null,
        "idOrganization": "6180fcd21c678820fd7d78d2",
        "idEnterprise": null,
        "limits": {
            "attachments": {
                "perBoard": {
                    "status": "ok",
                    "disableAt": 36000,
                    "warnAt": 28800
                },
                "perCard": {
                    "status": "ok",
                    "disableAt": 1000,
                    "warnAt": 800
                }
            },
            "boards": {
                "totalMembersPerBoard": {
                    "status": "ok",
                    "disableAt": 1600,
                    "warnAt": 1280
                },
                "totalAccessRequestsPerBoard": {
                    "status": "ok",
                    "disableAt": 4000,
                    "warnAt": 3200
                }
            },
            "cards": {
                "openPerBoard": {
                    "status": "ok",
                    "disableAt": 5000,
                    "warnAt": 4000
                },
                "openPerList": {
                    "status": "ok",
                    "disableAt": 5000,
                    "warnAt": 4000
                },
                "totalPerBoard": {
                    "status": "ok",
                    "disableAt": 2000000,
                    "warnAt": 1600000
                },
                "totalPerList": {
                    "status": "ok",
                    "disableAt": 1000000,
                    "warnAt": 800000
                }
            },
            "checklists": {
                "perBoard": {
                    "status": "ok",
                    "disableAt": 1800000,
                    "warnAt": 1440000
                },
                "perCard": {
                    "status": "ok",
                    "disableAt": 500,
                    "warnAt": 400
                }
            },
            "checkItems": {
                "perChecklist": {
                    "status": "ok",
                    "disableAt": 200,
                    "warnAt": 160
                }
            },
            "customFields": {
                "perBoard": {
                    "status": "ok",
                    "disableAt": 50,
                    "warnAt": 40
                }
            },
            "customFieldOptions": {
                "perField": {
                    "status": "ok",
                    "disableAt": 50,
                    "warnAt": 40
                }
            },
            "labels": {
                "perBoard": {
                    "status": "ok",
                    "disableAt": 1000,
                    "warnAt": 800
                }
            },
            "lists": {
                "openPerBoard": {
                    "status": "ok",
                    "disableAt": 500,
                    "warnAt": 400
                },
                "totalPerBoard": {
                    "status": "ok",
                    "disableAt": 3000,
                    "warnAt": 2400
                }
            },
            "stickers": {
                "perCard": {
                    "status": "ok",
                    "disableAt": 70,
                    "warnAt": 56
                }
            },
            "reactions": {
                "perAction": {
                    "status": "ok",
                    "disableAt": 900,
                    "warnAt": 720
                },
                "uniquePerAction": {
                    "status": "ok",
                    "disableAt": 17,
                    "warnAt": 14
                }
            }
        },
        "pinned": false,
        "starred": false,
        "url": "https://trello.com/b/jKypetNe/bistromatic",
        "prefs": {
            "permissionLevel": "org",
            "hideVotes": false,
            "voting": "disabled",
            "comments": "members",
            "invitations": "members",
            "selfJoin": false,
            "cardCovers": true,
            "isTemplate": false,
            "cardAging": "regular",
            "calendarFeedEnabled": false,
            "hiddenPluginBoardButtons": [],
            "switcherViews": [
                {
                    "viewType": "Board",
                    "enabled": true
                },
                {
                    "viewType": "Table",
                    "enabled": true
                },
                {
                    "viewType": "Calendar",
                    "enabled": false
                },
                {
                    "viewType": "Dashboard",
                    "enabled": false
                },
                {
                    "viewType": "Timeline",
                    "enabled": false
                },
                {
                    "viewType": "Map",
                    "enabled": false
                }
            ],
            "background": "blue",
            "backgroundColor": "#0079BF",
            "backgroundImage": null,
            "backgroundImageScaled": null,
            "backgroundTile": false,
            "backgroundBrightness": "dark",
            "backgroundBottomColor": "#0079BF",
            "backgroundTopColor": "#0079BF",
            "canBePublic": true,
            "canBeEnterprise": true,
            "canBeOrg": true,
            "canBePrivate": true,
            "canInvite": true
        },
        "shortLink": "jKypetNe",
        "subscribed": false,
        "labelNames": {
            "green": "",
            "yellow": "",
            "orange": "",
            "red": "",
            "purple": "",
            "blue": "",
            "sky": "",
            "lime": "",
            "pink": "",
            "black": "",
            "green_dark": "",
            "yellow_dark": "",
            "orange_dark": "",
            "red_dark": "",
            "purple_dark": "",
            "blue_dark": "",
            "sky_dark": "",
            "lime_dark": "",
            "pink_dark": "",
            "black_dark": "",
            "green_light": "",
            "yellow_light": "",
            "orange_light": "",
            "red_light": "",
            "purple_light": "",
            "blue_light": "",
            "sky_light": "",
            "lime_light": "",
            "pink_light": "",
            "black_light": ""
        },
        "powerUps": [],
        "dateLastActivity": "2021-11-03T10:30:04.821Z",
        "dateLastView": "2021-11-02T16:53:24.001Z",
        "shortUrl": "https://trello.com/b/jKypetNe",
        "idTags": [],
        "datePluginDisable": null,
        "creationMethod": "automatic",
        "ixUpdate": "49",
        "templateGallery": null,
        "enterpriseOwned": false,
        "idBoardSource": null,
        "premiumFeatures": [
            "additionalBoardBackgrounds",
            "additionalStickers",
            "customBoardBackgrounds",
            "customEmoji",
            "customStickers",
            "plugins"
        ],
        "idMemberCreator": "605c58e9430a337f45879f8e",
        "memberships": [
            {
                "idMember": "605c58e9430a337f45879f8e",
                "memberType": "admin",
                "unconfirmed": false,
                "deactivated": false,
                "id": "6180fcd21c678820fd7d78e7"
            },
            {
                "idMember": "618100aa213648120985ae15",
                "memberType": "normal",
                "unconfirmed": false,
                "deactivated": false,
                "id": "61810872b943dd2127c9ab28"
            },
            {
                "idMember": "618100d343296974896163e2",
                "memberType": "normal",
                "unconfirmed": false,
                "deactivated": false,
                "id": "6181089d376397213fb99112"
            }
        ]
    },
    {
        "id": "6447daa4af7f7de7a1c03ccf",
        "nodeId": "ari:cloud:trello::board/workspace/6180fcd21c678820fd7d78d2/6447daa4af7f7de7a1c03ccf",
        "name": "Raytracer",
        "desc": "",
        "descData": null,
        "closed": false,
        "dateClosed": null,
        "idOrganization": "6180fcd21c678820fd7d78d2",
        "idEnterprise": null,
        "limits": {
            "attachments": {
                "perBoard": {
                    "status": "ok",
                    "disableAt": 36000,
                    "warnAt": 28800
                },
                "perCard": {
                    "status": "ok",
                    "disableAt": 1000,
                    "warnAt": 800
                }
            },
            "boards": {
                "totalMembersPerBoard": {
                    "status": "ok",
                    "disableAt": 1600,
                    "warnAt": 1280
                },
                "totalAccessRequestsPerBoard": {
                    "status": "ok",
                    "disableAt": 4000,
                    "warnAt": 3200
                }
            },
            "cards": {
                "openPerBoard": {
                    "status": "ok",
                    "disableAt": 5000,
                    "warnAt": 4000
                },
                "openPerList": {
                    "status": "ok",
                    "disableAt": 5000,
                    "warnAt": 4000
                },
                "totalPerBoard": {
                    "status": "ok",
                    "disableAt": 2000000,
                    "warnAt": 1600000
                },
                "totalPerList": {
                    "status": "ok",
                    "disableAt": 1000000,
                    "warnAt": 800000
                }
            },
            "checklists": {
                "perBoard": {
                    "status": "ok",
                    "disableAt": 1800000,
                    "warnAt": 1440000
                },
                "perCard": {
                    "status": "ok",
                    "disableAt": 500,
                    "warnAt": 400
                }
            },
            "checkItems": {
                "perChecklist": {
                    "status": "ok",
                    "disableAt": 200,
                    "warnAt": 160
                }
            },
            "customFields": {
                "perBoard": {
                    "status": "ok",
                    "disableAt": 50,
                    "warnAt": 40
                }
            },
            "customFieldOptions": {
                "perField": {
                    "status": "ok",
                    "disableAt": 50,
                    "warnAt": 40
                }
            },
            "labels": {
                "perBoard": {
                    "status": "ok",
                    "disableAt": 1000,
                    "warnAt": 800
                }
            },
            "lists": {
                "openPerBoard": {
                    "status": "ok",
                    "disableAt": 500,
                    "warnAt": 400
                },
                "totalPerBoard": {
                    "status": "ok",
                    "disableAt": 3000,
                    "warnAt": 2400
                }
            },
            "stickers": {
                "perCard": {
                    "status": "ok",
                    "disableAt": 70,
                    "warnAt": 56
                }
            },
            "reactions": {
                "perAction": {
                    "status": "ok",
                    "disableAt": 900,
                    "warnAt": 720
                },
                "uniquePerAction": {
                    "status": "ok",
                    "disableAt": 17,
                    "warnAt": 14
                }
            }
        },
        "pinned": false,
        "starred": false,
        "url": "https://trello.com/b/zFpuViEH/raytracer",
        "prefs": {
            "permissionLevel": "org",
            "hideVotes": false,
            "voting": "disabled",
            "comments": "members",
            "invitations": "members",
            "selfJoin": true,
            "cardCovers": true,
            "isTemplate": false,
            "cardAging": "regular",
            "calendarFeedEnabled": false,
            "hiddenPluginBoardButtons": [],
            "switcherViews": [
                {
                    "viewType": "Board",
                    "enabled": true
                },
                {
                    "viewType": "Table",
                    "enabled": true
                },
                {
                    "viewType": "Calendar",
                    "enabled": false
                },
                {
                    "viewType": "Dashboard",
                    "enabled": false
                },
                {
                    "viewType": "Timeline",
                    "enabled": false
                },
                {
                    "viewType": "Map",
                    "enabled": false
                }
            ],
            "background": "6447d027460d49ade5679399",
            "backgroundColor": null,
            "backgroundImage": "https://trello-backgrounds.s3.amazonaws.com/SharedBackground/original/41732981f2aa8f39ed7e02bf9cda44ce/photo-1682057628665-9d0d51bae482",
            "backgroundImageScaled": [
                {
                    "width": 67,
                    "height": 100,
                    "url": "https://trello-backgrounds.s3.amazonaws.com/SharedBackground/67x100/e5e8839f2931cd6ea3ac5910fb6e2196/photo-1682057628665-9d0d51bae482.jpg"
                },
                {
                    "width": 128,
                    "height": 192,
                    "url": "https://trello-backgrounds.s3.amazonaws.com/SharedBackground/128x192/e5e8839f2931cd6ea3ac5910fb6e2196/photo-1682057628665-9d0d51bae482.jpg"
                },
                {
                    "width": 320,
                    "height": 480,
                    "url": "https://trello-backgrounds.s3.amazonaws.com/SharedBackground/320x480/e5e8839f2931cd6ea3ac5910fb6e2196/photo-1682057628665-9d0d51bae482.jpg"
                },
                {
                    "width": 640,
                    "height": 960,
                    "url": "https://trello-backgrounds.s3.amazonaws.com/SharedBackground/640x960/e5e8839f2931cd6ea3ac5910fb6e2196/photo-1682057628665-9d0d51bae482.jpg"
                },
                {
                    "width": 683,
                    "height": 1024,
                    "url": "https://trello-backgrounds.s3.amazonaws.com/SharedBackground/683x1024/e5e8839f2931cd6ea3ac5910fb6e2196/photo-1682057628665-9d0d51bae482.jpg"
                },
                {
                    "width": 853,
                    "height": 1280,
                    "url": "https://trello-backgrounds.s3.amazonaws.com/SharedBackground/853x1280/e5e8839f2931cd6ea3ac5910fb6e2196/photo-1682057628665-9d0d51bae482.jpg"
                },
                {
                    "width": 1066,
                    "height": 1600,
                    "url": "https://trello-backgrounds.s3.amazonaws.com/SharedBackground/1066x1600/e5e8839f2931cd6ea3ac5910fb6e2196/photo-1682057628665-9d0d51bae482.jpg"
                },
                {
                    "width": 1280,
                    "height": 1920,
                    "url": "https://trello-backgrounds.s3.amazonaws.com/SharedBackground/1280x1920/e5e8839f2931cd6ea3ac5910fb6e2196/photo-1682057628665-9d0d51bae482.jpg"
                },
                {
                    "width": 1365,
                    "height": 2048,
                    "url": "https://trello-backgrounds.s3.amazonaws.com/SharedBackground/original/41732981f2aa8f39ed7e02bf9cda44ce/photo-1682057628665-9d0d51bae482"
                }
            ],
            "backgroundTile": false,
            "backgroundBrightness": "light",
            "backgroundBottomColor": "#7f593b",
            "backgroundTopColor": "#f6dab4",
            "canBePublic": true,
            "canBeEnterprise": true,
            "canBeOrg": true,
            "canBePrivate": true,
            "canInvite": true
        },
        "shortLink": "zFpuViEH",
        "subscribed": false,
        "labelNames": {
            "green": "",
            "yellow": "",
            "orange": "",
            "red": "",
            "purple": "",
            "blue": "",
            "sky": "",
            "lime": "",
            "pink": "",
            "black": "",
            "green_dark": "",
            "yellow_dark": "",
            "orange_dark": "",
            "red_dark": "",
            "purple_dark": "",
            "blue_dark": "",
            "sky_dark": "",
            "lime_dark": "",
            "pink_dark": "",
            "black_dark": "",
            "green_light": "",
            "yellow_light": "",
            "orange_light": "",
            "red_light": "",
            "purple_light": "",
            "blue_light": "",
            "sky_light": "",
            "lime_light": "",
            "pink_light": "",
            "black_light": ""
        },
        "powerUps": [],
        "dateLastActivity": "2023-05-16T12:21:10.534Z",
        "dateLastView": "2023-09-18T11:10:20.251Z",
        "shortUrl": "https://trello.com/b/zFpuViEH",
        "idTags": [],
        "datePluginDisable": null,
        "creationMethod": "automatic",
        "ixUpdate": "307",
        "templateGallery": null,
        "enterpriseOwned": false,
        "idBoardSource": null,
        "premiumFeatures": [
            "additionalBoardBackgrounds",
            "additionalStickers",
            "customBoardBackgrounds",
            "customEmoji",
            "customStickers",
            "plugins"
        ],
        "idMemberCreator": "618100d343296974896163e2",
        "memberships": [
            {
                "idMember": "618100d343296974896163e2",
                "memberType": "admin",
                "unconfirmed": false,
                "deactivated": false,
                "id": "6447daa4af7f7de7a1c03cda"
            },
            {
                "idMember": "6447e4e97cfff73d3fb2e59b",
                "memberType": "normal",
                "unconfirmed": false,
                "deactivated": false,
                "id": "6447e4eb019111a7456470d3"
            },
            {
                "idMember": "618100aa213648120985ae15",
                "memberType": "normal",
                "unconfirmed": false,
                "deactivated": false,
                "id": "6447e627be975c2669980843"
            },
            {
                "idMember": "60513aca7b43d8532c9aa52b",
                "memberType": "normal",
                "unconfirmed": false,
                "deactivated": false,
                "id": "645e5133ff99d16e7086c811"
            }
        ]
    },
    {
        "id": "640f21ffaa0143640c4f6b2e",
        "nodeId": "ari:cloud:trello::board/workspace/6180fcd21c678820fd7d78d2/640f21ffaa0143640c4f6b2e",
        "name": "arcade",
        "desc": "",
        "descData": null,
        "closed": false,
        "dateClosed": null,
        "idOrganization": "6180fcd21c678820fd7d78d2",
        "idEnterprise": null,
        "limits": {
            "attachments": {
                "perBoard": {
                    "status": "ok",
                    "disableAt": 36000,
                    "warnAt": 28800
                },
                "perCard": {
                    "status": "ok",
                    "disableAt": 1000,
                    "warnAt": 800
                }
            },
            "boards": {
                "totalMembersPerBoard": {
                    "status": "ok",
                    "disableAt": 1600,
                    "warnAt": 1280
                },
                "totalAccessRequestsPerBoard": {
                    "status": "ok",
                    "disableAt": 4000,
                    "warnAt": 3200
                }
            },
            "cards": {
                "openPerBoard": {
                    "status": "ok",
                    "disableAt": 5000,
                    "warnAt": 4000
                },
                "openPerList": {
                    "status": "ok",
                    "disableAt": 5000,
                    "warnAt": 4000
                },
                "totalPerBoard": {
                    "status": "ok",
                    "disableAt": 2000000,
                    "warnAt": 1600000
                },
                "totalPerList": {
                    "status": "ok",
                    "disableAt": 1000000,
                    "warnAt": 800000
                }
            },
            "checklists": {
                "perBoard": {
                    "status": "ok",
                    "disableAt": 1800000,
                    "warnAt": 1440000
                },
                "perCard": {
                    "status": "ok",
                    "disableAt": 500,
                    "warnAt": 400
                }
            },
            "checkItems": {
                "perChecklist": {
                    "status": "ok",
                    "disableAt": 200,
                    "warnAt": 160
                }
            },
            "customFields": {
                "perBoard": {
                    "status": "ok",
                    "disableAt": 50,
                    "warnAt": 40
                }
            },
            "customFieldOptions": {
                "perField": {
                    "status": "ok",
                    "disableAt": 50,
                    "warnAt": 40
                }
            },
            "labels": {
                "perBoard": {
                    "status": "ok",
                    "disableAt": 1000,
                    "warnAt": 800
                }
            },
            "lists": {
                "openPerBoard": {
                    "status": "ok",
                    "disableAt": 500,
                    "warnAt": 400
                },
                "totalPerBoard": {
                    "status": "ok",
                    "disableAt": 3000,
                    "warnAt": 2400
                }
            },
            "stickers": {
                "perCard": {
                    "status": "ok",
                    "disableAt": 70,
                    "warnAt": 56
                }
            },
            "reactions": {
                "perAction": {
                    "status": "ok",
                    "disableAt": 900,
                    "warnAt": 720
                },
                "uniquePerAction": {
                    "status": "ok",
                    "disableAt": 17,
                    "warnAt": 14
                }
            }
        },
        "pinned": false,
        "starred": false,
        "url": "https://trello.com/b/zJJvXQ7g/arcade",
        "prefs": {
            "permissionLevel": "org",
            "hideVotes": false,
            "voting": "disabled",
            "comments": "members",
            "invitations": "members",
            "selfJoin": true,
            "cardCovers": true,
            "isTemplate": false,
            "cardAging": "regular",
            "calendarFeedEnabled": false,
            "hiddenPluginBoardButtons": [],
            "switcherViews": [
                {
                    "viewType": "Board",
                    "enabled": true
                },
                {
                    "viewType": "Table",
                    "enabled": true
                },
                {
                    "viewType": "Calendar",
                    "enabled": false
                },
                {
                    "viewType": "Dashboard",
                    "enabled": false
                },
                {
                    "viewType": "Timeline",
                    "enabled": false
                },
                {
                    "viewType": "Map",
                    "enabled": false
                }
            ],
            "background": "640f0961bb676b10a2809904",
            "backgroundColor": null,
            "backgroundImage": "https://trello-backgrounds.s3.amazonaws.com/SharedBackground/original/a80121ee5124def5f1ea9fb17e43d958/photo-1677647598949-6b6689bd53f6",
            "backgroundImageScaled": [
                {
                    "width": 140,
                    "height": 88,
                    "url": "https://trello-backgrounds.s3.amazonaws.com/SharedBackground/140x88/f2dbf2e77873478d9b9b64f5ad70d8e8/photo-1677647598949-6b6689bd53f6.jpg"
                },
                {
                    "width": 256,
                    "height": 160,
                    "url": "https://trello-backgrounds.s3.amazonaws.com/SharedBackground/256x160/f2dbf2e77873478d9b9b64f5ad70d8e8/photo-1677647598949-6b6689bd53f6.jpg"
                },
                {
                    "width": 480,
                    "height": 300,
                    "url": "https://trello-backgrounds.s3.amazonaws.com/SharedBackground/480x300/f2dbf2e77873478d9b9b64f5ad70d8e8/photo-1677647598949-6b6689bd53f6.jpg"
                },
                {
                    "width": 960,
                    "height": 601,
                    "url": "https://trello-backgrounds.s3.amazonaws.com/SharedBackground/960x601/f2dbf2e77873478d9b9b64f5ad70d8e8/photo-1677647598949-6b6689bd53f6.jpg"
                },
                {
                    "width": 1024,
                    "height": 641,
                    "url": "https://trello-backgrounds.s3.amazonaws.com/SharedBackground/1024x641/f2dbf2e77873478d9b9b64f5ad70d8e8/photo-1677647598949-6b6689bd53f6.jpg"
                },
                {
                    "width": 1280,
                    "height": 801,
                    "url": "https://trello-backgrounds.s3.amazonaws.com/SharedBackground/1280x801/f2dbf2e77873478d9b9b64f5ad70d8e8/photo-1677647598949-6b6689bd53f6.jpg"
                },
                {
                    "width": 1920,
                    "height": 1202,
                    "url": "https://trello-backgrounds.s3.amazonaws.com/SharedBackground/1920x1202/f2dbf2e77873478d9b9b64f5ad70d8e8/photo-1677647598949-6b6689bd53f6.jpg"
                },
                {
                    "width": 2048,
                    "height": 1282,
                    "url": "https://trello-backgrounds.s3.amazonaws.com/SharedBackground/2048x1282/f2dbf2e77873478d9b9b64f5ad70d8e8/photo-1677647598949-6b6689bd53f6.jpg"
                },
                {
                    "width": 2557,
                    "height": 1600,
                    "url": "https://trello-backgrounds.s3.amazonaws.com/SharedBackground/2557x1600/f2dbf2e77873478d9b9b64f5ad70d8e8/photo-1677647598949-6b6689bd53f6.jpg"
                },
                {
                    "width": 2560,
                    "height": 1602,
                    "url": "https://trello-backgrounds.s3.amazonaws.com/SharedBackground/original/a80121ee5124def5f1ea9fb17e43d958/photo-1677647598949-6b6689bd53f6"
                }
            ],
            "backgroundTile": false,
            "backgroundBrightness": "dark",
            "backgroundBottomColor": "#0e161f",
            "backgroundTopColor": "#24292c",
            "canBePublic": true,
            "canBeEnterprise": true,
            "canBeOrg": true,
            "canBePrivate": true,
            "canInvite": true
        },
        "shortLink": "zJJvXQ7g",
        "subscribed": false,
        "labelNames": {
            "green": "",
            "yellow": "",
            "orange": "",
            "red": "",
            "purple": "",
            "blue": "",
            "sky": "",
            "lime": "",
            "pink": "",
            "black": "",
            "green_dark": "",
            "yellow_dark": "",
            "orange_dark": "",
            "red_dark": "",
            "purple_dark": "",
            "blue_dark": "",
            "sky_dark": "",
            "lime_dark": "",
            "pink_dark": "",
            "black_dark": "",
            "green_light": "",
            "yellow_light": "",
            "orange_light": "",
            "red_light": "",
            "purple_light": "",
            "blue_light": "",
            "sky_light": "",
            "lime_light": "",
            "pink_light": "",
            "black_light": ""
        },
        "powerUps": [],
        "dateLastActivity": "2023-04-09T16:54:42.528Z",
        "dateLastView": "2023-03-15T13:55:37.073Z",
        "shortUrl": "https://trello.com/b/zJJvXQ7g",
        "idTags": [],
        "datePluginDisable": null,
        "creationMethod": null,
        "ixUpdate": "54",
        "templateGallery": null,
        "enterpriseOwned": false,
        "idBoardSource": null,
        "premiumFeatures": [
            "additionalBoardBackgrounds",
            "additionalStickers",
            "customBoardBackgrounds",
            "customEmoji",
            "customStickers",
            "plugins"
        ],
        "idMemberCreator": "618100aa213648120985ae15",
        "memberships": [
            {
                "idMember": "618100aa213648120985ae15",
                "memberType": "admin",
                "unconfirmed": false,
                "deactivated": false,
                "id": "640f21ffaa0143640c4f6b36"
            },
            {
                "idMember": "618100d343296974896163e2",
                "memberType": "normal",
                "unconfirmed": false,
                "deactivated": false,
                "id": "640f2371ea505972522bfb9d"
            }
        ]
    },
    {
        "id": "6525a7bc02075ae9b8dc6424",
        "nodeId": "ari:cloud:trello::board/workspace/6180fcd21c678820fd7d78d2/6525a7bc02075ae9b8dc6424",
        "name": "fefezfz",
        "desc": "",
        "descData": null,
        "closed": false,
        "dateClosed": null,
        "idOrganization": "6180fcd21c678820fd7d78d2",
        "idEnterprise": null,
        "limits": {
            "attachments": {
                "perBoard": {
                    "status": "ok",
                    "disableAt": 36000,
                    "warnAt": 28800
                },
                "perCard": {
                    "status": "ok",
                    "disableAt": 1000,
                    "warnAt": 800
                }
            },
            "boards": {
                "totalMembersPerBoard": {
                    "status": "ok",
                    "disableAt": 1600,
                    "warnAt": 1280
                },
                "totalAccessRequestsPerBoard": {
                    "status": "ok",
                    "disableAt": 4000,
                    "warnAt": 3200
                }
            },
            "cards": {
                "openPerBoard": {
                    "status": "ok",
                    "disableAt": 5000,
                    "warnAt": 4000
                },
                "openPerList": {
                    "status": "ok",
                    "disableAt": 5000,
                    "warnAt": 4000
                },
                "totalPerBoard": {
                    "status": "ok",
                    "disableAt": 2000000,
                    "warnAt": 1600000
                },
                "totalPerList": {
                    "status": "ok",
                    "disableAt": 1000000,
                    "warnAt": 800000
                }
            },
            "checklists": {
                "perBoard": {
                    "status": "ok",
                    "disableAt": 1800000,
                    "warnAt": 1440000
                },
                "perCard": {
                    "status": "ok",
                    "disableAt": 500,
                    "warnAt": 400
                }
            },
            "checkItems": {
                "perChecklist": {
                    "status": "ok",
                    "disableAt": 200,
                    "warnAt": 160
                }
            },
            "customFields": {
                "perBoard": {
                    "status": "ok",
                    "disableAt": 50,
                    "warnAt": 40
                }
            },
            "customFieldOptions": {
                "perField": {
                    "status": "ok",
                    "disableAt": 50,
                    "warnAt": 40
                }
            },
            "labels": {
                "perBoard": {
                    "status": "ok",
                    "disableAt": 1000,
                    "warnAt": 800
                }
            },
            "lists": {
                "openPerBoard": {
                    "status": "ok",
                    "disableAt": 500,
                    "warnAt": 400
                },
                "totalPerBoard": {
                    "status": "ok",
                    "disableAt": 3000,
                    "warnAt": 2400
                }
            },
            "stickers": {
                "perCard": {
                    "status": "ok",
                    "disableAt": 70,
                    "warnAt": 56
                }
            },
            "reactions": {
                "perAction": {
                    "status": "ok",
                    "disableAt": 900,
                    "warnAt": 720
                },
                "uniquePerAction": {
                    "status": "ok",
                    "disableAt": 17,
                    "warnAt": 14
                }
            }
        },
        "pinned": false,
        "starred": false,
        "url": "https://trello.com/b/5TFiXd6Z/fefezfz",
        "prefs": {
            "permissionLevel": "org",
            "hideVotes": false,
            "voting": "disabled",
            "comments": "members",
            "invitations": "members",
            "selfJoin": true,
            "cardCovers": true,
            "isTemplate": false,
            "cardAging": "regular",
            "calendarFeedEnabled": false,
            "hiddenPluginBoardButtons": [],
            "switcherViews": [
                {
                    "viewType": "Board",
                    "enabled": true
                },
                {
                    "viewType": "Table",
                    "enabled": true
                },
                {
                    "viewType": "Calendar",
                    "enabled": false
                },
                {
                    "viewType": "Dashboard",
                    "enabled": false
                },
                {
                    "viewType": "Timeline",
                    "enabled": false
                },
                {
                    "viewType": "Map",
                    "enabled": false
                }
            ],
            "background": "6525a6d2b366074d3be480e8",
            "backgroundColor": null,
            "backgroundImage": "https://trello-backgrounds.s3.amazonaws.com/SharedBackground/original/e079ebef3a054044d98ddc0e7c6899bc/photo-1696229478537-4d3f297025b9",
            "backgroundImageScaled": [
                {
                    "width": 67,
                    "height": 100,
                    "url": "https://trello-backgrounds.s3.amazonaws.com/SharedBackground/67x100/1010849e94c1e4f35fd2345097125d16/photo-1696229478537-4d3f297025b9.jpg"
                },
                {
                    "width": 128,
                    "height": 192,
                    "url": "https://trello-backgrounds.s3.amazonaws.com/SharedBackground/128x192/1010849e94c1e4f35fd2345097125d16/photo-1696229478537-4d3f297025b9.jpg"
                },
                {
                    "width": 320,
                    "height": 480,
                    "url": "https://trello-backgrounds.s3.amazonaws.com/SharedBackground/320x480/1010849e94c1e4f35fd2345097125d16/photo-1696229478537-4d3f297025b9.jpg"
                },
                {
                    "width": 640,
                    "height": 960,
                    "url": "https://trello-backgrounds.s3.amazonaws.com/SharedBackground/640x960/1010849e94c1e4f35fd2345097125d16/photo-1696229478537-4d3f297025b9.jpg"
                },
                {
                    "width": 683,
                    "height": 1024,
                    "url": "https://trello-backgrounds.s3.amazonaws.com/SharedBackground/683x1024/1010849e94c1e4f35fd2345097125d16/photo-1696229478537-4d3f297025b9.jpg"
                },
                {
                    "width": 853,
                    "height": 1280,
                    "url": "https://trello-backgrounds.s3.amazonaws.com/SharedBackground/853x1280/1010849e94c1e4f35fd2345097125d16/photo-1696229478537-4d3f297025b9.jpg"
                },
                {
                    "width": 1066,
                    "height": 1600,
                    "url": "https://trello-backgrounds.s3.amazonaws.com/SharedBackground/1066x1600/1010849e94c1e4f35fd2345097125d16/photo-1696229478537-4d3f297025b9.jpg"
                },
                {
                    "width": 1280,
                    "height": 1920,
                    "url": "https://trello-backgrounds.s3.amazonaws.com/SharedBackground/1280x1920/1010849e94c1e4f35fd2345097125d16/photo-1696229478537-4d3f297025b9.jpg"
                },
                {
                    "width": 1365,
                    "height": 2048,
                    "url": "https://trello-backgrounds.s3.amazonaws.com/SharedBackground/original/e079ebef3a054044d98ddc0e7c6899bc/photo-1696229478537-4d3f297025b9"
                }
            ],
            "backgroundTile": false,
            "backgroundBrightness": "dark",
            "backgroundBottomColor": "#5e5962",
            "backgroundTopColor": "#d0ab82",
            "canBePublic": true,
            "canBeEnterprise": true,
            "canBeOrg": true,
            "canBePrivate": true,
            "canInvite": true
        },
        "shortLink": "5TFiXd6Z",
        "subscribed": false,
        "labelNames": {
            "green": "",
            "yellow": "",
            "orange": "",
            "red": "",
            "purple": "",
            "blue": "",
            "sky": "",
            "lime": "",
            "pink": "",
            "black": "",
            "green_dark": "",
            "yellow_dark": "",
            "orange_dark": "",
            "red_dark": "",
            "purple_dark": "",
            "blue_dark": "",
            "sky_dark": "",
            "lime_dark": "",
            "pink_dark": "",
            "black_dark": "",
            "green_light": "",
            "yellow_light": "",
            "orange_light": "",
            "red_light": "",
            "purple_light": "",
            "blue_light": "",
            "sky_light": "",
            "lime_light": "",
            "pink_light": "",
            "black_light": ""
        },
        "powerUps": [],
        "dateLastActivity": null,
        "dateLastView": "2023-10-10T19:36:29.567Z",
        "shortUrl": "https://trello.com/b/5TFiXd6Z",
        "idTags": [],
        "datePluginDisable": null,
        "creationMethod": null,
        "ixUpdate": "3",
        "templateGallery": null,
        "enterpriseOwned": false,
        "idBoardSource": null,
        "premiumFeatures": [
            "additionalBoardBackgrounds",
            "additionalStickers",
            "customBoardBackgrounds",
            "customEmoji",
            "customStickers",
            "plugins"
        ],
        "idMemberCreator": "618100aa213648120985ae15",
        "memberships": [
            {
                "idMember": "618100aa213648120985ae15",
                "memberType": "admin",
                "unconfirmed": false,
                "deactivated": false,
                "id": "6525a7bc02075ae9b8dc642c"
            }
        ]
    },
    {
        "id": "63ea1c353938178a1ee4e087",
        "nodeId": "ari:cloud:trello::board/workspace/6180fcd21c678820fd7d78d2/63ea1c353938178a1ee4e087",
        "name": "nts",
        "desc": "",
        "descData": null,
        "closed": false,
        "dateClosed": null,
        "idOrganization": "6180fcd21c678820fd7d78d2",
        "idEnterprise": null,
        "limits": {
            "attachments": {
                "perBoard": {
                    "status": "ok",
                    "disableAt": 36000,
                    "warnAt": 28800
                },
                "perCard": {
                    "status": "ok",
                    "disableAt": 1000,
                    "warnAt": 800
                }
            },
            "boards": {
                "totalMembersPerBoard": {
                    "status": "ok",
                    "disableAt": 1600,
                    "warnAt": 1280
                },
                "totalAccessRequestsPerBoard": {
                    "status": "ok",
                    "disableAt": 4000,
                    "warnAt": 3200
                }
            },
            "cards": {
                "openPerBoard": {
                    "status": "ok",
                    "disableAt": 5000,
                    "warnAt": 4000
                },
                "openPerList": {
                    "status": "ok",
                    "disableAt": 5000,
                    "warnAt": 4000
                },
                "totalPerBoard": {
                    "status": "ok",
                    "disableAt": 2000000,
                    "warnAt": 1600000
                },
                "totalPerList": {
                    "status": "ok",
                    "disableAt": 1000000,
                    "warnAt": 800000
                }
            },
            "checklists": {
                "perBoard": {
                    "status": "ok",
                    "disableAt": 1800000,
                    "warnAt": 1440000
                },
                "perCard": {
                    "status": "ok",
                    "disableAt": 500,
                    "warnAt": 400
                }
            },
            "checkItems": {
                "perChecklist": {
                    "status": "ok",
                    "disableAt": 200,
                    "warnAt": 160
                }
            },
            "customFields": {
                "perBoard": {
                    "status": "ok",
                    "disableAt": 50,
                    "warnAt": 40
                }
            },
            "customFieldOptions": {
                "perField": {
                    "status": "ok",
                    "disableAt": 50,
                    "warnAt": 40
                }
            },
            "labels": {
                "perBoard": {
                    "status": "ok",
                    "disableAt": 1000,
                    "warnAt": 800
                }
            },
            "lists": {
                "openPerBoard": {
                    "status": "ok",
                    "disableAt": 500,
                    "warnAt": 400
                },
                "totalPerBoard": {
                    "status": "ok",
                    "disableAt": 3000,
                    "warnAt": 2400
                }
            },
            "stickers": {
                "perCard": {
                    "status": "ok",
                    "disableAt": 70,
                    "warnAt": 56
                }
            },
            "reactions": {
                "perAction": {
                    "status": "ok",
                    "disableAt": 900,
                    "warnAt": 720
                },
                "uniquePerAction": {
                    "status": "ok",
                    "disableAt": 17,
                    "warnAt": 14
                }
            }
        },
        "pinned": false,
        "starred": false,
        "url": "https://trello.com/b/MXjtKySq/nts",
        "prefs": {
            "permissionLevel": "org",
            "hideVotes": false,
            "voting": "disabled",
            "comments": "members",
            "invitations": "members",
            "selfJoin": true,
            "cardCovers": true,
            "isTemplate": false,
            "cardAging": "regular",
            "calendarFeedEnabled": false,
            "hiddenPluginBoardButtons": [],
            "switcherViews": [
                {
                    "viewType": "Board",
                    "enabled": true
                },
                {
                    "viewType": "Table",
                    "enabled": true
                },
                {
                    "viewType": "Calendar",
                    "enabled": false
                },
                {
                    "viewType": "Dashboard",
                    "enabled": false
                },
                {
                    "viewType": "Timeline",
                    "enabled": false
                },
                {
                    "viewType": "Map",
                    "enabled": false
                }
            ],
            "background": "gradient-crystal",
            "backgroundColor": "#674284",
            "backgroundImage": "https://d2k1ftgv7pobq7.cloudfront.net/images/backgrounds/gradients/crystal.svg",
            "backgroundImageScaled": null,
            "backgroundTile": false,
            "backgroundBrightness": "dark",
            "backgroundBottomColor": "#CD519D",
            "backgroundTopColor": "#09326C",
            "canBePublic": true,
            "canBeEnterprise": true,
            "canBeOrg": true,
            "canBePrivate": true,
            "canInvite": true
        },
        "shortLink": "MXjtKySq",
        "subscribed": false,
        "labelNames": {
            "green": "",
            "yellow": "",
            "orange": "",
            "red": "",
            "purple": "",
            "blue": "",
            "sky": "",
            "lime": "",
            "pink": "",
            "black": "",
            "green_dark": "",
            "yellow_dark": "",
            "orange_dark": "",
            "red_dark": "",
            "purple_dark": "",
            "blue_dark": "",
            "sky_dark": "",
            "lime_dark": "",
            "pink_dark": "",
            "black_dark": "",
            "green_light": "",
            "yellow_light": "",
            "orange_light": "",
            "red_light": "",
            "purple_light": "",
            "blue_light": "",
            "sky_light": "",
            "lime_light": "",
            "pink_light": "",
            "black_light": ""
        },
        "powerUps": [],
        "dateLastActivity": "2023-03-09T21:59:52.673Z",
        "dateLastView": "2023-03-12T17:13:10.602Z",
        "shortUrl": "https://trello.com/b/MXjtKySq",
        "idTags": [],
        "datePluginDisable": null,
        "creationMethod": "automatic",
        "ixUpdate": "95",
        "templateGallery": null,
        "enterpriseOwned": false,
        "idBoardSource": null,
        "premiumFeatures": [
            "additionalBoardBackgrounds",
            "additionalStickers",
            "customBoardBackgrounds",
            "customEmoji",
            "customStickers",
            "plugins"
        ],
        "idMemberCreator": "618100aa213648120985ae15",
        "memberships": [
            {
                "idMember": "618100aa213648120985ae15",
                "memberType": "admin",
                "unconfirmed": false,
                "deactivated": false,
                "id": "63ea1c353938178a1ee4e092"
            },
            {
                "idMember": "618100d343296974896163e2",
                "memberType": "normal",
                "unconfirmed": false,
                "deactivated": false,
                "id": "63ea1c581a7adcc352a985a0"
            }
        ]
    },
    {
        "id": "652416c8e9019b2664099be4",
        "nodeId": "ari:cloud:trello::board/workspace/6180fcd21c678820fd7d78d2/652416c8e9019b2664099be4",
        "name": "testTrello",
        "desc": "",
        "descData": null,
        "closed": false,
        "dateClosed": null,
        "idOrganization": "6180fcd21c678820fd7d78d2",
        "idEnterprise": null,
        "limits": {
            "attachments": {
                "perBoard": {
                    "status": "ok",
                    "disableAt": 36000,
                    "warnAt": 28800
                },
                "perCard": {
                    "status": "ok",
                    "disableAt": 1000,
                    "warnAt": 800
                }
            },
            "boards": {
                "totalMembersPerBoard": {
                    "status": "ok",
                    "disableAt": 1600,
                    "warnAt": 1280
                },
                "totalAccessRequestsPerBoard": {
                    "status": "ok",
                    "disableAt": 4000,
                    "warnAt": 3200
                }
            },
            "cards": {
                "openPerBoard": {
                    "status": "ok",
                    "disableAt": 5000,
                    "warnAt": 4000
                },
                "openPerList": {
                    "status": "ok",
                    "disableAt": 5000,
                    "warnAt": 4000
                },
                "totalPerBoard": {
                    "status": "ok",
                    "disableAt": 2000000,
                    "warnAt": 1600000
                },
                "totalPerList": {
                    "status": "ok",
                    "disableAt": 1000000,
                    "warnAt": 800000
                }
            },
            "checklists": {
                "perBoard": {
                    "status": "ok",
                    "disableAt": 1800000,
                    "warnAt": 1440000
                },
                "perCard": {
                    "status": "ok",
                    "disableAt": 500,
                    "warnAt": 400
                }
            },
            "checkItems": {
                "perChecklist": {
                    "status": "ok",
                    "disableAt": 200,
                    "warnAt": 160
                }
            },
            "customFields": {
                "perBoard": {
                    "status": "ok",
                    "disableAt": 50,
                    "warnAt": 40
                }
            },
            "customFieldOptions": {
                "perField": {
                    "status": "ok",
                    "disableAt": 50,
                    "warnAt": 40
                }
            },
            "labels": {
                "perBoard": {
                    "status": "ok",
                    "disableAt": 1000,
                    "warnAt": 800
                }
            },
            "lists": {
                "openPerBoard": {
                    "status": "ok",
                    "disableAt": 500,
                    "warnAt": 400
                },
                "totalPerBoard": {
                    "status": "ok",
                    "disableAt": 3000,
                    "warnAt": 2400
                }
            },
            "stickers": {
                "perCard": {
                    "status": "ok",
                    "disableAt": 70,
                    "warnAt": 56
                }
            },
            "reactions": {
                "perAction": {
                    "status": "ok",
                    "disableAt": 900,
                    "warnAt": 720
                },
                "uniquePerAction": {
                    "status": "ok",
                    "disableAt": 17,
                    "warnAt": 14
                }
            }
        },
        "pinned": false,
        "starred": false,
        "url": "https://trello.com/b/mjXKpGwv/testtrello",
        "prefs": {
            "permissionLevel": "org",
            "hideVotes": false,
            "voting": "disabled",
            "comments": "members",
            "invitations": "members",
            "selfJoin": true,
            "cardCovers": true,
            "isTemplate": false,
            "cardAging": "regular",
            "calendarFeedEnabled": false,
            "hiddenPluginBoardButtons": [],
            "switcherViews": [
                {
                    "viewType": "Board",
                    "enabled": true
                },
                {
                    "viewType": "Table",
                    "enabled": true
                },
                {
                    "viewType": "Calendar",
                    "enabled": false
                },
                {
                    "viewType": "Dashboard",
                    "enabled": false
                },
                {
                    "viewType": "Timeline",
                    "enabled": false
                },
                {
                    "viewType": "Map",
                    "enabled": false
                }
            ],
            "background": "gradient-peach",
            "backgroundColor": "#EF763A",
            "backgroundImage": "https://d2k1ftgv7pobq7.cloudfront.net/images/backgrounds/gradients/peach.svg",
            "backgroundImageScaled": null,
            "backgroundTile": false,
            "backgroundBrightness": "dark",
            "backgroundBottomColor": "#FAA53D",
            "backgroundTopColor": "#E34935",
            "canBePublic": true,
            "canBeEnterprise": true,
            "canBeOrg": true,
            "canBePrivate": true,
            "canInvite": true
        },
        "shortLink": "mjXKpGwv",
        "subscribed": false,
        "labelNames": {
            "green": "",
            "yellow": "",
            "orange": "",
            "red": "",
            "purple": "",
            "blue": "",
            "sky": "webbbb",
            "lime": "",
            "pink": "",
            "black": "",
            "green_dark": "",
            "yellow_dark": "",
            "orange_dark": "",
            "red_dark": "",
            "purple_dark": "",
            "blue_dark": "",
            "sky_dark": "",
            "lime_dark": "",
            "pink_dark": "",
            "black_dark": "",
            "green_light": "",
            "yellow_light": "",
            "orange_light": "",
            "red_light": "",
            "purple_light": "",
            "blue_light": "",
            "sky_light": "",
            "lime_light": "",
            "pink_light": "",
            "black_light": ""
        },
        "powerUps": [],
        "dateLastActivity": "2023-10-10T19:35:49.170Z",
        "dateLastView": "2023-10-10T19:36:45.483Z",
        "shortUrl": "https://trello.com/b/mjXKpGwv",
        "idTags": [],
        "datePluginDisable": null,
        "creationMethod": null,
        "ixUpdate": "81",
        "templateGallery": null,
        "enterpriseOwned": false,
        "idBoardSource": null,
        "premiumFeatures": [
            "additionalBoardBackgrounds",
            "additionalStickers",
            "customBoardBackgrounds",
            "customEmoji",
            "customStickers",
            "plugins"
        ],
        "idMemberCreator": "618100aa213648120985ae15",
        "memberships": [
            {
                "idMember": "618100aa213648120985ae15",
                "memberType": "admin",
                "unconfirmed": false,
                "deactivated": false,
                "id": "652416c8e9019b2664099bec"
            }
        ]
    },
    {
        "id": "647a05343b56e6c61bc9bfef",
        "nodeId": "ari:cloud:trello::board/workspace/6180fcd21c678820fd7d78d2/647a05343b56e6c61bc9bfef",
        "name": "zappy",
        "desc": "",
        "descData": null,
        "closed": false,
        "dateClosed": null,
        "idOrganization": "6180fcd21c678820fd7d78d2",
        "idEnterprise": null,
        "limits": {
            "attachments": {
                "perBoard": {
                    "status": "ok",
                    "disableAt": 36000,
                    "warnAt": 28800
                },
                "perCard": {
                    "status": "ok",
                    "disableAt": 1000,
                    "warnAt": 800
                }
            },
            "boards": {
                "totalMembersPerBoard": {
                    "status": "ok",
                    "disableAt": 1600,
                    "warnAt": 1280
                },
                "totalAccessRequestsPerBoard": {
                    "status": "ok",
                    "disableAt": 4000,
                    "warnAt": 3200
                }
            },
            "cards": {
                "openPerBoard": {
                    "status": "ok",
                    "disableAt": 5000,
                    "warnAt": 4000
                },
                "openPerList": {
                    "status": "ok",
                    "disableAt": 5000,
                    "warnAt": 4000
                },
                "totalPerBoard": {
                    "status": "ok",
                    "disableAt": 2000000,
                    "warnAt": 1600000
                },
                "totalPerList": {
                    "status": "ok",
                    "disableAt": 1000000,
                    "warnAt": 800000
                }
            },
            "checklists": {
                "perBoard": {
                    "status": "ok",
                    "disableAt": 1800000,
                    "warnAt": 1440000
                },
                "perCard": {
                    "status": "ok",
                    "disableAt": 500,
                    "warnAt": 400
                }
            },
            "checkItems": {
                "perChecklist": {
                    "status": "ok",
                    "disableAt": 200,
                    "warnAt": 160
                }
            },
            "customFields": {
                "perBoard": {
                    "status": "ok",
                    "disableAt": 50,
                    "warnAt": 40
                }
            },
            "customFieldOptions": {
                "perField": {
                    "status": "ok",
                    "disableAt": 50,
                    "warnAt": 40
                }
            },
            "labels": {
                "perBoard": {
                    "status": "ok",
                    "disableAt": 1000,
                    "warnAt": 800
                }
            },
            "lists": {
                "openPerBoard": {
                    "status": "ok",
                    "disableAt": 500,
                    "warnAt": 400
                },
                "totalPerBoard": {
                    "status": "ok",
                    "disableAt": 3000,
                    "warnAt": 2400
                }
            },
            "stickers": {
                "perCard": {
                    "status": "ok",
                    "disableAt": 70,
                    "warnAt": 56
                }
            },
            "reactions": {
                "perAction": {
                    "status": "ok",
                    "disableAt": 900,
                    "warnAt": 720
                },
                "uniquePerAction": {
                    "status": "ok",
                    "disableAt": 17,
                    "warnAt": 14
                }
            }
        },
        "pinned": false,
        "starred": false,
        "url": "https://trello.com/b/G2hwtZqX/zappy",
        "prefs": {
            "permissionLevel": "org",
            "hideVotes": false,
            "voting": "disabled",
            "comments": "members",
            "invitations": "members",
            "selfJoin": true,
            "cardCovers": true,
            "isTemplate": false,
            "cardAging": "regular",
            "calendarFeedEnabled": false,
            "hiddenPluginBoardButtons": [],
            "switcherViews": [
                {
                    "viewType": "Board",
                    "enabled": true
                },
                {
                    "viewType": "Table",
                    "enabled": true
                },
                {
                    "viewType": "Calendar",
                    "enabled": false
                },
                {
                    "viewType": "Dashboard",
                    "enabled": false
                },
                {
                    "viewType": "Timeline",
                    "enabled": false
                },
                {
                    "viewType": "Map",
                    "enabled": false
                }
            ],
            "background": "gradient-rainbow",
            "backgroundColor": "#A869C1",
            "backgroundImage": "https://d2k1ftgv7pobq7.cloudfront.net/images/backgrounds/gradients/rainbow.svg",
            "backgroundImageScaled": null,
            "backgroundTile": false,
            "backgroundBrightness": "dark",
            "backgroundBottomColor": "#E774BB",
            "backgroundTopColor": "#6E5DC6",
            "canBePublic": true,
            "canBeEnterprise": true,
            "canBeOrg": true,
            "canBePrivate": true,
            "canInvite": true
        },
        "shortLink": "G2hwtZqX",
        "subscribed": false,
        "labelNames": {
            "green": "",
            "yellow": "",
            "orange": "",
            "red": "",
            "purple": "",
            "blue": "",
            "sky": "",
            "lime": "",
            "pink": "",
            "black": "",
            "green_dark": "",
            "yellow_dark": "",
            "orange_dark": "",
            "red_dark": "",
            "purple_dark": "",
            "blue_dark": "",
            "sky_dark": "",
            "lime_dark": "",
            "pink_dark": "",
            "black_dark": "",
            "green_light": "",
            "yellow_light": "",
            "orange_light": "",
            "red_light": "",
            "purple_light": "",
            "blue_light": "",
            "sky_light": "",
            "lime_light": "",
            "pink_light": "",
            "black_light": ""
        },
        "powerUps": [],
        "dateLastActivity": "2023-06-25T20:45:49.597Z",
        "dateLastView": "2023-06-28T09:27:37.517Z",
        "shortUrl": "https://trello.com/b/G2hwtZqX",
        "idTags": [],
        "datePluginDisable": null,
        "creationMethod": null,
        "ixUpdate": "209",
        "templateGallery": null,
        "enterpriseOwned": false,
        "idBoardSource": null,
        "premiumFeatures": [
            "additionalBoardBackgrounds",
            "additionalStickers",
            "customBoardBackgrounds",
            "customEmoji",
            "customStickers",
            "plugins"
        ],
        "idMemberCreator": "618100d343296974896163e2",
        "memberships": [
            {
                "idMember": "618100d343296974896163e2",
                "memberType": "admin",
                "unconfirmed": false,
                "deactivated": false,
                "id": "647a05343b56e6c61bc9bff7"
            },
            {
                "idMember": "618100aa213648120985ae15",
                "memberType": "normal",
                "unconfirmed": false,
                "deactivated": false,
                "id": "647a05c53f403b30bde56301"
            },
            {
                "idMember": "5d0750f270eedd6f6bef71c5",
                "memberType": "normal",
                "unconfirmed": false,
                "deactivated": false,
                "id": "647a284ae3f9fd393c69ca9c"
            },
            {
                "idMember": "645b9b2d565532df941b8db3",
                "memberType": "normal",
                "unconfirmed": false,
                "deactivated": false,
                "id": "647b3257b9d325d8c68694ef"
            },
            {
                "idMember": "647f31be4b22dbaf76a7206c",
                "memberType": "normal",
                "unconfirmed": false,
                "deactivated": false,
                "id": "647f31bf3953e2be57c53aac"
            }
        ]
    }
]