{
    "id": "65082e203c652652c3b41311",
    "name": "Area",
    "desc": "",
    "descData": null,
    "closed": false,
    "idOrganization": "6180fcd21c678820fd7d78d2",
    "idEnterprise": null,
    "pinned": false,
    "url": "https://trello.com/b/axowP3Ig/area",
    "shortUrl": "https://trello.com/b/axowP3Ig",
    "prefs": {
        "permissionLevel": "org",
        "hideVotes": false,
        "voting": "disabled",
        "comments": "members",
        "invitations": "members",
        "selfJoin": true,
        "cardCovers": true,
        "isTemplate": false,
        "cardAging": "regular",
        "calendarFeedEnabled": false,
        "hiddenPluginBoardButtons": [],
        "switcherViews": [
            {
                "viewType": "Board",
                "enabled": true
            },
            {
                "viewType": "Table",
                "enabled": true
            },
            {
                "viewType": "Calendar",
                "enabled": false
            },
            {
                "viewType": "Dashboard",
                "enabled": false
            },
            {
                "viewType": "Timeline",
                "enabled": false
            },
            {
                "viewType": "Map",
                "enabled": false
            }
        ],
        "background": "gradient-crystal",
        "backgroundColor": "#674284",
        "backgroundImage": "https://d2k1ftgv7pobq7.cloudfront.net/images/backgrounds/gradients/crystal.svg",
        "backgroundImageScaled": null,
        "backgroundTile": false,
        "backgroundBrightness": "dark",
        "backgroundBottomColor": "#CD519D",
        "backgroundTopColor": "#09326C",
        "canBePublic": true,
        "canBeEnterprise": true,
        "canBeOrg": true,
        "canBePrivate": true,
        "canInvite": true
    },
    "labelNames": {
        "green": "Server",
        "yellow": "reaction",
        "orange": "Mobile",
        "red": "urgent",
        "purple": "",
        "blue": "action",
        "sky": "",
        "lime": "",
        "pink": "",
        "black": "",
        "green_dark": "",
        "yellow_dark": "",
        "orange_dark": "",
        "red_dark": "",
        "purple_dark": "",
        "blue_dark": "",
        "sky_dark": "",
        "lime_dark": "",
        "pink_dark": "",
        "black_dark": "",
        "green_light": "",
        "yellow_light": "",
        "orange_light": "",
        "red_light": "",
        "purple_light": "",
        "blue_light": "",
        "sky_light": "",
        "lime_light": "",
        "pink_light": "",
        "black_light": ""
    }
}